[
    {
        "name": "brood_war_logo",
        "markdown": "<:s1:1429361391256735784>"
    },
    {
        "name": "starcraft_2_logo",
        "markdown": "<:s2:1429360993452163192>"
    },
    {
        "name": "bw_terran",
        "markdown": "<:t1:1425037568638058629>"
    },
    {
        "name": "bw_zerg",
        "markdown": "<:z1:1425037525889712139>"
    },
    {
        "name": "bw_protoss",
        "markdown": "<:p1:1425037606529536040>"
    },
    {
        "name": "sc2_terran",
        "markdown": "<:t2:1425037422646919228>"
    },
    {
        "name": "sc2_zerg",
        "markdown": "<:z2:1425037367479107715>"
    },
    {
        "name": "sc2_protoss",
        "markdown": "<:p2:1425037487075622923>"
    },
    {
        "name": "flag_xx",
        "markdown": "<:xx:1425037165414322186>"
    },
    {
        "name": "flag_zz",
        "markdown": "<:zz:1425037183403823114>"
    },
    {
        "name": "s_rank",
        "markdown": "<:s_:1427481074606542961>"
    },
    {
        "name": "a_rank",
        "markdown": "<:a_:1427481026447540284>"
    },
    {
        "name": "b_rank",
        "markdown": "<:b_:1427481034525511771>"
    },
    {
        "name": "c_rank",
        "markdown": "<:c_:1427481041437986966>"
    },
    {
        "name": "d_rank",
        "markdown": "<:d_:1427481050229248031>"
    },
    {
        "name": "e_rank",
        "markdown": "<:e_:1427481062694715422>"
    },
    {
        "name": "f_rank",
        "markdown": "<:f_:1427481066762932255>"
    },
    {
        "name": "u_rank",
        "markdown": "<:u_:1427481081585598626>"
    }
]