{
    "residential_regions": [
        {"code": "NAW", "name": "Western North America"},
        {"code": "NAC", "name": "Central North America"},
        {"code": "NAE", "name": "Eastern North America"},
        {"code": "CAM", "name": "Central America and the Caribbean"},
        {"code": "SAM", "name": "South America"},
        {"code": "EUW", "name": "Western Europe"},
        {"code": "EUE", "name": "Northern and Eastern Europe"},
        {"code": "AFR", "name": "Africa"},
        {"code": "MEA", "name": "Middle East"},
        {"code": "SEA", "name": "South and Southeast Asia"},
        {"code": "KRJ", "name": "Korea and Japan"},
        {"code": "CHN", "name": "China"},
        {"code": "THM", "name": "Taiwan, Hong Kong, and Macau"},
        {"code": "OCE", "name": "Oceania"},
        {"code": "USB", "name": "Urals and Siberia"},
        {"code": "FER", "name": "Far East Russia"}
    ],
    "game_servers": [
        {"code": "USW", "name": "Western United States", "region_code": "AM"},
        {"code": "USC", "name": "Central United States", "region_code": "AM"},
        {"code": "USE", "name": "Eastern United States", "region_code": "AM"},
        {"code": "BRZ", "name": "Brazil",                "region_code": "AM"},
        {"code": "EUC", "name": "Central Europe",        "region_code": "EU"},
        {"code": "SNG", "name": "Singapore",             "region_code": "AS"},
        {"code": "AUS", "name": "Australia",             "region_code": "AM"},
        {"code": "KOR", "name": "Korea",                 "region_code": "AS"},
        {"code": "TWN", "name": "Taiwan",                "region_code": "AS"}
    ],
    "game_regions": [
        {"code": "AM",  "name": "Americas"},
        {"code": "EU",  "name": "Europe"},
        {"code": "AS",  "name": "Asia"}
    ]   
}